Date,Ticker,Type,Quantity,Price per share,Total Amount,Currency,FX Rate
10/03/2020 17:48:01,,CASH TOP-UP,,,30.00,USD,1.1324686027
10/03/2020 17:48:28,BLK,BUY,0.02245576,445.32,10.00,USD,1.1324878383
10/03/2020 17:50:01,GOOGL,BUY,0.00815228,1226.65,10.00,USD,1.1321679699
10/03/2020 17:54:39,FB,BUY,0.05819705,171.83,10.00,USD,1.1320686486
11/03/2020 22:03:20,,CASH TOP-UP,,,20.00,USD,1.1265965206
13/04/2020 14:44:00,,CASH TOP-UP,,,100.09,USD,1.091033078
13/04/2020 14:46:04,,CASH TOP-UP,,,9.05,USD,1.0909938037
13/04/2020 14:46:16,,CASH TOP-UP,,,0.01,USD,1.0909236384
13/04/2020 14:46:27,,CASH TOP-UP,,,0.01,USD,1.0909378723
13/04/2020 14:49:00,AMZN,BUY,0.0326091,2120.88,69.16,USD,1.0912294922
13/04/2020 14:51:22,AAPL,BUY,0.2244417,267.33,60.00,USD,1.0907594064
14/04/2020 14:26:42,,CASH TOP-UP,,,100.00,USD,1.0972633120
14/04/2020 14:27:33,TSLA,BUY,0.13681949,730.89,100.00,USD,1.0967158534
27/04/2020 12:40:59,,CASH TOP-UP,,,200.00,USD,1.0848176983
28/04/2020 14:39:46,GOOGL,BUY,0.07066582,1273.60,91.08,USD,1.0857578394
07/05/2020 19:49:17,AAPL,BUY,0.13194352,303.16,40.00,USD,1.0832049565
07/05/2020 19:51:30,,CASH TOP-UP,,,416.55,USD,1.0830124276
07/05/2020 19:52:36,FB,BUY,0.42716787,210.69,90.00,USD,1.0829374163
07/05/2020 19:52:55,BLK,BUY,0.18110109,496.96,90.00,USD,1.0828824081
15/05/2020 06:11:18,AAPL,DIVIDEND,,,0.25,USD,1.0808621051
31/05/2020 23:30:04,,CUSTODY_FEE,,,-0.01,USD,1.1118967596
01/06/2020 10:39:01,,CASH TOP-UP,,,235.24,USD,1.1113416763
16/06/2020 16:46:32,MSFT,BUY,0.51541078,194.02,100.00,USD,1.1276
16/06/2020 16:47:01,AMZN,BUY,0.01179349,2615.00,30.84,USD,1.1273690802
16/06/2020 16:55:48,NFLX,BUY,0.22972662,435.30,100.00,USD,1.1269391263
22/06/2020 15:05:29,,CASH TOP-UP,,,315.32,USD,1.1251420532
24/06/2020 05:25:25,BLK,DIVIDEND,,,0.63,USD,1.1317497421
30/06/2020 21:50:58,,CASH TOP-UP,,,405.39,USD,1.1233284746
30/06/2020 23:24:31,,CUSTODY_FEE,,,-0.01,USD,1.1235835124
09/07/2020 17:25:13,NVDA,BUY,0.71744589,418.15,300.00,USD,1.1295194027
09/07/2020 17:26:52,ADBE,BUY,0.65535094,457.77,300.00,USD,1.1294193876
09/07/2020 17:31:45,DDOG,BUY,3.12304809,96.06,300.00,USD,1.1294093862
31/07/2020 23:10:03,,CUSTODY_FEE,,,-0.02,USD,1.1836061713
14/08/2020 05:29:54,AAPL,DIVIDEND,,,0.25,USD,1.1820272770
20/08/2020 16:20:42,TSLA,SELL,0.0361623,1991.30,72.01,USD,1.1859934110
24/08/2020 17:00:17,NVDA,SELL,0.12803088,507.69,65.00,USD,1.1801269927
24/08/2020 17:01:28,ADBE,SELL,0.23281554,472.52,110.01,USD,1.1803670286
31/08/2020 08:18:47,AAPL,STOCK SPLIT,1.06915566,,,USD,1.1897334333
31/08/2020 08:21:22,TSLA,STOCK SPLIT,0.40262876,,,USD,1.189728500
31/08/2020 23:07:42,,CUSTODY_FEE,,,-0.01,USD,1.1938640089
11/09/2020 06:32:44,MSFT,DIVIDEND,,,0.22,USD,1.1839
23/09/2020 05:29:13,BLK,DIVIDEND,,,0.63,USD,1.1688
25/09/2020 05:33:32,NVDA,DIVIDEND,,,0.08,USD,1.1672700643
30/09/2020 23:22:32,,CUSTODY_FEE,,,-0.02,USD,1.1731909520
05/10/2020 13:30:27,DDOG,SELL,1.1165808,104.79,117.01,USD,1.1770465306
31/10/2020 23:17:33,,CUSTODY_FEE,,,-0.01,USD,1.1763335663
02/11/2020 17:34:20,NFLX,BUY,0.18705574,481.14,90.00,USD,1.1630144261
02/11/2020 17:35:06,AMZN,BUY,0.02346741,2982.86,70.00,USD,1.1631213524
02/11/2020 17:35:54,FB,BUY,0.30575195,261.65,80.00,USD,1.1631694494
13/11/2020 07:05:27,AAPL,DIVIDEND,,,0.25,USD,1.1806420698
19/11/2020 16:36:14,TSLA,SELL,0.09872083,506.58,50.01,USD,1.1844801455
19/11/2020 16:36:56,NVDA,SELL,0.18812309,531.62,100.01,USD,1.1842766133
30/11/2020 15:38:26,,CASH TOP-UP,,,23.96,USD,1.1987497856
30/11/2020 23:55:41,,CUSTODY_FEE,,,-0.02,USD,1.1939290627
11/12/2020 06:43:00,MSFT,DIVIDEND,,,0.25,USD,1.2161357278
22/12/2020 06:46:13,BLK,DIVIDEND,,,0.63,USD,1.2222333076
22/12/2020 15:43:15,PLUG,BUY,5.52944429,36.17,200.00,USD,1.2205330526
22/12/2020 15:46:54,NIO,BUY,4.14937759,48.20,200.00,USD,1.2204380384
22/12/2020 15:49:02,MSFT,BUY,0.14103479,224.20,31.62,USD,1.2198479498
22/12/2020 18:01:42,TSLA,SELL,0.08033347,622.53,50.01,USD,1.2176
22/12/2020 18:02:09,GOOGL,BUY,0.02914585,1715.51,50.00,USD,1.2175
24/12/2020 17:20:32,,CASH TOP-UP,,,600.00,USD,1.218652607
24/12/2020 17:21:44,BABA,BUY,0.90738542,219.08,198.79,USD,1.2186362735
28/12/2020 14:40:06,REGI,BUY,2.62554484,75.71,198.78,USD,1.2234
28/12/2020 14:44:29,JD,BUY,2.38660103,83.29,198.78,USD,1.2235985124
28/12/2020 15:50:46,,CASH TOP-UP,,,1000.00,USD,1.2214981974
28/12/2020 15:52:55,SHOP,BUY,0.17006459,1168.85,198.78,USD,1.2214133205
28/12/2020 15:53:33,TEAM,BUY,0.85258417,233.15,198.78,USD,1.2215296785
28/12/2020 15:56:58,V,BUY,0.9376415,212.00,198.78,USD,1.2211046318
28/12/2020 15:57:42,MA,BUY,0.52142211,342.87,178.78,USD,1.2209931216
28/12/2020 15:58:01,MA,BUY,0.05476655,342.91,18.78,USD,1.2211831505
29/12/2020 18:52:29,REGI,BUY,0.72042534,67.71,48.78,USD,1.2248336976
30/12/2020 07:28:26,NVDA,DIVIDEND,,,0.05,USD,1.2286093093
01/01/2021 01:57:58,,CUSTODY_FEE,,,-0.03,USD,1.2219
07/01/2021 14:40:37,PLUG,SELL,1.08434518,46.12,50.01,USD,1.226849089
07/01/2021 14:42:02,REGI,SELL,1.13660643,87.99,100.01,USD,1.2269220757
07/01/2021 14:43:56,MA,BUY,0.5698168,350.99,200.00,USD,1.2266602683
07/01/2021 14:52:03,,CASH TOP-UP,,,1000.00,USD,1.2264565376
07/01/2021 14:54:04,V,BUY,0.93205795,213.27,198.78,USD,1.2262564876
07/01/2021 14:55:24,AAPL,BUY,1.54308337,128.82,198.78,USD,1.226068604
07/01/2021 14:58:09,MSFT,BUY,0.91582584,217.05,198.78,USD,1.2260914463
11/01/2021 14:42:22,DDOG,SELL,2.00646729,100.00,200.65,USD,1.2154337827
15/01/2021 16:55:23,PLUG,SELL,1.17995028,60.35,71.21,USD,1.2098419286
15/01/2021 16:56:22,NIO,SELL,0.72247545,57.04,41.21,USD,1.209836919
25/01/2021 14:33:34,BB,BUY,10.25641025,19.50,200.00,USD,1.2150029522
25/01/2021 14:34:22,PLTR,BUY,5.78034682,34.60,200.00,USD,1.2149929504
25/01/2021 14:34:33,GME,BUY,4.100041,97.56,400.00,USD,1.2148179152
27/01/2021 13:50:27,,CASH TOP-UP,,,1000.00,USD,1.2105420637
27/01/2021 14:31:07,GME,SELL,0.100041,295.98,29.61,USD,1.2101519825
27/01/2021 16:14:18,GME,SELL,1,347.98,347.98,USD,1.2094968512
27/01/2021 17:26:52,GME,SELL,1,292.00,292.00,USD,1.2108171158
27/01/2021 19:06:20,AMC,BUY,20,17.74,354.80,USD,1.2117022917
27/01/2021 20:00:13,BB,SELL,0.25641025,26.29,6.74,USD,1.2100819688
28/01/2021 14:30:23,MA,BUY,0.15290519,327.00,50.00,USD,1.2126289934
28/01/2021 14:30:25,V,BUY,0.24752475,202.00,50.00,USD,1.2127525035
28/01/2021 14:33:58,BB,BUY,5,18.73,93.65,USD,1.2136376367
28/01/2021 14:48:54,AMC,BUY,15,14.49,217.35,USD,1.2136126745
28/01/2021 14:54:56,ADBE,SELL,0.2225354,465.27,103.54,USD,1.2139127355
28/01/2021 14:55:45,AAPL,SELL,0.06862425,138.58,9.51,USD,1.2138224788
28/01/2021 14:55:54,AMC,BUY,15,14.69,220.35,USD,1.213737699
28/01/2021 15:43:02,BABA,SELL,0.00738542,258.62,1.91,USD,1.2134426409
28/01/2021 15:45:15,BB,BUY,10,14.52,145.20,USD,1.2135326582
28/01/2021 15:45:36,PLTR,BUY,2,36.95,73.90,USD,1.2134376392
28/01/2021 15:51:19,AMC,BUY,15,8.39,125.85,USD,1.2131525874
28/01/2021 16:24:24,PLTR,SELL,7.78034682,34.06,265.00,USD,1.2126624844
28/01/2021 16:24:40,GME,SELL,2,124.38,248.77,USD,1.2126924903
28/01/2021 16:28:39,BB,SELL,15,14.01,210.15,USD,1.2128725272
28/01/2021 16:29:22,AMC,SELL,35,7.01,245.35,USD,1.2129425433
29/01/2021 17:56:57,AMC,SELL,10,13.10,131.00,USD,1.2135976711
01/02/2021 02:33:34,,CUSTODY_FEE,,,-0.04,USD,1.2129825489
01/02/2021 14:31:10,PLUG,BUY,3.10414403,64.43,200.00,USD,1.2100019532
01/02/2021 14:31:22,ENPH,BUY,1.61603102,185.64,300.00,USD,1.2098219170
01/02/2021 14:32:37,BLK,BUY,0.08456659,709.50,60.00,USD,1.2096418862
01/02/2021 15:15:13,ADBE,SELL,0.2,462.35,92.47,USD,1.2094968512
01/02/2021 15:21:59,AAPL,BUY,1.1,132.64,145.90,USD,1.2098019121
01/02/2021 15:27:01,AG,BUY,9,22.26,200.34,USD,1.2098569233
01/02/2021 15:29:00,NVAX,BUY,0.73553749,271.91,200.00,USD,1.2098169151
01/02/2021 15:29:18,SPWR,BUY,5,47.60,238.00,USD,1.2098719268
01/02/2021 15:30:26,MRNA,BUY,1.2,164.19,197.03,USD,1.2099419410
01/02/2021 16:15:27,AMC,SELL,10,14.52,145.20,USD,1.2078465211
02/02/2021 17:15:40,BB,SELL,5,11.67,58.36,USD,1.2026654851
02/02/2021 17:16:14,AMC,SELL,2,8.04,16.08,USD,1.2024654451
02/02/2021 17:16:54,AG,BUY,3,17.40,52.20,USD,1.2023104146
03/02/2021 14:32:20,ROKU,BUY,0.47041113,425.16,200.00,USD,1.2027805091
03/02/2021 22:23:27,,CASH TOP-UP,,,1000.00,USD,1.2034806485
04/02/2021 14:31:11,BILI,BUY,1.33333333,150.00,200.00,USD,1.1987497027
04/02/2021 14:31:15,TIGR,BUY,8.23384108,24.29,200.00,USD,1.1987832866
04/02/2021 14:31:34,AMD,BUY,2.2652622,88.29,200.00,USD,1.1986346791
04/02/2021 14:32:49,FVRR,BUY,0.81109579,246.58,200.00,USD,1.1987096950
05/02/2021 14:30:40,SPWR,SELL,2,40.27,80.54,USD,1.2019103341
05/02/2021 14:32:35,SQ,BUY,0.83857442,238.50,200.00,USD,1.2017002930
05/02/2021 16:33:47,SPWR,BUY,2,42.35,84.70,USD,1.2028719318
08/02/2021 14:42:31,BB,SELL,5,14.18,70.90,USD,1.2065066436
09/02/2021 14:40:38,AMC,SELL,8,5.56,44.48,USD,1.2095918705
09/02/2021 14:40:57,AG,SELL,12,16.83,201.97,USD,1.2096068732
09/02/2021 14:43:44,GOOGL,BUY,0.04793542,2086.14,100.00,USD,1.2097820833
09/02/2021 17:44:58,TXMD,BUY,80,2.51,200.79,USD,1.2111320004
09/02/2021 17:48:02,,CASH TOP-UP,,,200.00,USD,1.2109921506
09/02/2021 17:49:23,XPEV,BUY,4.5,46.34,208.53,USD,1.2110421663
09/02/2021 18:34:06,TSLA,SELL,0.16211582,844.70,136.94,USD,1.2105920715
09/02/2021 18:37:45,TSLA,SELL,0.16211583,844.64,136.93,USD,1.2105698405
09/02/2021 18:40:08,V,SELL,0.1172242,207.30,24.30,USD,1.2105920715
09/02/2021 18:40:52,MA,SELL,0.29891065,333.08,99.56,USD,1.2106020724
09/02/2021 18:41:35,V,SELL,0.4,207.15,82.86,USD,1.210677087
09/02/2021 18:43:42,SHOP,SELL,0.01006459,1445.66,14.55,USD,1.2106920907
09/02/2021 18:45:09,AMD,SELL,1.2652622,90.98,115.11,USD,1.2106420805
09/02/2021 18:52:27,ENPH,SELL,0.61603102,199.70,123.02,USD,1.2106920907
09/02/2021 18:54:35,MSFT,SELL,0.07227141,243.25,17.58,USD,1.2106920907
09/02/2021 18:55:08,PLUG,SELL,0.36929286,69.16,25.54,USD,1.2106920907
09/02/2021 19:00:10,MRNA,SELL,0.2,177.85,35.57,USD,1.210742111
09/02/2021 19:00:58,TIGR,SELL,0.23384108,28.27,6.61,USD,1.2108871291
09/02/2021 19:02:26,NVDA,SELL,0.10129192,572.70,58.01,USD,1.2109223204
09/02/2021 20:22:49,TSLA,BUY,0.5,846.70,423.35,USD,1.2119873491
10/02/2021 06:28:11,MA,DIVIDEND,,,0.21,USD,1.2126624844
10/02/2021 15:31:05,TSLA,BUY,0.5,814.26,407.13,USD,1.213495545
10/02/2021 15:36:37,ROKU,SELL,0.17041113,457.83,78.02,USD,1.2136076731
10/02/2021 15:36:51,AAPL,BUY,1,135.59,135.59,USD,1.2135626643
10/02/2021 15:38:08,PLUG,BUY,1,64.60,64.60,USD,1.2134426439
10/02/2021 17:12:45,,CASH TOP-UP,,,50.00,USD,1.2131925906
10/02/2021 17:13:50,TXMD,BUY,20,2.14,42.90,USD,1.2131526017
11/02/2021 14:57:55,,CASH TOP-UP,,,100.00,USD,1.2136876892
11/02/2021 14:58:13,TXMD,BUY,20,1.95,38.98,USD,1.2136426935
12/02/2021 05:50:38,AAPL,DIVIDEND,,,0.70,USD,1.2128425227
16/02/2021 14:46:45,TXMD,SELL,120,1.92,230.41,USD,1.2106820883
16/02/2021 15:09:40,NVAX,SELL,0.33553749,282.50,94.79,USD,1.2111921617
16/02/2021 17:04:04,PLUG,BUY,1,61.08,61.08,USD,1.2110421663
16/02/2021 17:06:47,PLUG,SELL,8,57.01,456.08,USD,1.2110421663
16/02/2021 17:07:37,PLUG,BUY,8,57.69,461.52,USD,1.2108921302
16/02/2021 17:11:40,SPWR,SELL,2,46.42,92.84,USD,1.2108971311
16/02/2021 17:21:04,AAPL,BUY,1,133.42,133.42,USD,1.2108922673
16/02/2021 17:23:05,XPEV,BUY,1,45.22,45.22,USD,1.2109321385
16/02/2021 17:25:48,NVAX,BUY,0.1,269.70,26.97,USD,1.2107921103
16/02/2021 17:50:49,ENPH,BUY,0.5,195.34,97.67,USD,1.21098903
17/02/2021 18:58:41,TIGR,BUY,1,32.50,32.50,USD,1.2039907502
18/02/2021 14:58:15,,CASH TOP-UP,,,300.00,USD,1.2073164151
18/02/2021 14:59:08,SPWR,BUY,2,39.00,78.00,USD,1.2074014321
18/02/2021 15:00:35,XPEV,BUY,0.5,41.92,20.96,USD,1.2076014731
18/02/2021 15:02:36,REGI,BUY,0.79063625,96.20,76.06,USD,1.2075864691
18/02/2021 15:19:09,PLUG,BUY,1,52.00,52.00,USD,1.2066813129
18/02/2021 16:13:29,TIGR,BUY,1,31.00,31.00,USD,1.2075964713
18/02/2021 16:15:30,BLK,BUY,0.06187656,702.69,43.48,USD,1.2077415023
18/02/2021 16:16:34,ENPH,BUY,0.2,179.50,35.90,USD,1.2081915903
18/02/2021 18:15:19,,CASH TOP-UP,,,200.00,USD,1.2082916103
18/02/2021 18:15:37,AAPL,BUY,1,128.65,128.65,USD,1.2082966111
18/02/2021 18:16:54,BLK,BUY,0.05,700.00,35.00,USD,1.2083366191
18/02/2021 18:18:58,GOOGL,BUY,0.00410063,2102.12,8.62,USD,1.2083316191
18/02/2021 20:50:31,SPWR,BUY,1,36.16,36.16,USD,1.2094418513
18/02/2021 20:53:14,,CASH TOP-UP,,,100.00,USD,1.2094068331
18/02/2021 20:53:19,REGI,BUY,0.5,94.14,47.07,USD,1.2094418513
18/02/2021 20:55:31,NIO,BUY,0.57309786,54.39,31.17,USD,1.2094618441
19/02/2021 15:04:26,MRNA,SELL,0.5,173.40,86.70,USD,1.2122924114
19/02/2021 15:06:02,FB,BUY,0.20888313,266.61,55.69,USD,1.2122924114
19/02/2021 15:07:29,NVAX,SELL,0.3,279.37,83.81,USD,1.2125424715
19/02/2021 15:10:38,TEAM,SELL,0.35258417,256.11,90.30,USD,1.2122823752
19/02/2021 15:12:05,V,BUY,0.2,205.05,41.01,USD,1.2123556025
19/02/2021 15:12:23,MA,BUY,0.1,333.90,33.39,USD,1.2124924509
19/02/2021 16:09:15,TIGR,SELL,5,36.97,184.85,USD,1.2132298575
19/02/2021 16:15:06,TIGR,BUY,1,36.50,36.50,USD,1.2132976111
19/02/2021 17:35:27,REGI,BUY,0.5,97.02,48.51,USD,1.2131025725
19/02/2021 17:40:25,TIGR,BUY,1,36.00,36.00,USD,1.2129392797
19/02/2021 17:42:28,TIGR,BUY,1,35.50,35.50,USD,1.212802510
19/02/2021 19:16:40,TSLA,BUY,0.1,782.80,78.28,USD,1.2116660590
19/02/2021 19:17:41,FB,BUY,0.2,261.90,52.38,USD,1.2116616555
19/02/2021 19:22:27,BIDU,BUY,0.1,321.00,32.10,USD,1.2116422830
19/02/2021 19:54:43,TIGR,BUY,1,35.00,35.00,USD,1.2117754230
19/02/2021 20:52:01,XPEV,BUY,0.5,40.86,20.43,USD,1.2120287242
20/02/2021 12:51:13,,CASH TOP-UP,,,100.00,USD,1.2245392823
22/02/2021 14:41:06,PYPL,BUY,0.2,282.60,56.52,USD,1.2139427443
22/02/2021 14:42:13,TIGR,BUY,1,33.71,33.71,USD,1.2140777671
22/02/2021 16:06:41,TME,BUY,0.5,24.92,12.46,USD,1.2146028726
22/02/2021 16:07:39,,CASH TOP-UP,,,100.00,USD,1.2145478616
22/02/2021 16:08:04,TIGR,BUY,1,30.89,30.89,USD,1.2147429071
22/02/2021 16:22:07,AAPL,BUY,0.5,126.76,63.38,USD,1.2147129502
22/02/2021 17:40:48,MRNA,SELL,0.3,162.47,48.74,USD,1.2169433465
22/02/2021 17:44:33,BILI,BUY,0.07777777,133.46,10.38,USD,1.216711400
22/02/2021 17:45:20,BILI,BUY,0.08888889,133.54,11.87,USD,1.2168660894
22/02/2021 20:02:22,BKNG,BUY,0.001,2370.00,2.37,USD,1.2167433029
22/02/2021 20:03:52,FVRR,SELL,0.31109579,280.01,87.11,USD,1.2166382791
22/02/2021 20:25:51,GME,BUY,1.5,45.68,68.52,USD,1.2159001120
22/02/2021 20:37:11,SPWR,BUY,1,33.00,33.00,USD,1.2159031322
23/02/2021 15:07:12,TSLA,SELL,0.6,661.62,396.97,USD,1.2142778071
23/02/2021 15:07:56,GOOGL,BUY,0.19,2014.74,382.80,USD,1.2143485929
23/02/2021 15:09:24,PLUG,SELL,2,43.52,87.04,USD,1.2148679252
23/02/2021 15:11:48,GOOGL,BUY,0.05,2020.00,101.00,USD,1.2154930503
23/02/2021 15:12:45,TIGR,SELL,3,27.02,81.05,USD,1.2158831295
23/02/2021 15:13:32,GME,SELL,1.5,43.07,64.61,USD,1.2156688306
23/02/2021 15:13:46,MSFT,BUY,0.5,231.78,115.89,USD,1.2155380592
23/02/2021 15:14:18,ENPH,SELL,0.7,159.00,111.30,USD,1.2151779871
23/02/2021 15:17:23,AMZN,BUY,0.01213,3128.61,37.95,USD,1.2151529822
23/02/2021 15:18:49,SPWR,SELL,2,31.56,63.12,USD,1.2148670473
23/02/2021 15:19:09,XPEV,SELL,2.5,35.08,87.69,USD,1.2150183158
23/02/2021 15:20:37,BLK,BUY,0.1,691.70,69.17,USD,1.2148429315
23/02/2021 15:21:12,BILI,SELL,0.49999999,122.88,61.44,USD,1.2149329381
23/02/2021 15:22:09,NVDA,BUY,0.2,550.45,110.09,USD,1.2150242198
23/02/2021 15:22:48,PYPL,BUY,0.3,263.80,79.14,USD,1.2150279571
23/02/2021 15:23:47,BABA,BUY,0.1,248.30,24.83,USD,1.2151979911
23/02/2021 15:27:41,REGI,SELL,1.5,91.04,136.56,USD,1.2158269496
23/02/2021 15:28:05,FB,BUY,0.3,264.93,79.48,USD,1.2157030935
23/02/2021 15:28:33,AMZN,BUY,0.02,3151.50,63.03,USD,1.2157781071
23/02/2021 15:29:06,XPEV,SELL,1,35.69,35.69,USD,1.2156830885
23/02/2021 15:29:57,TSLA,BUY,0.1,691.70,69.17,USD,1.2160431651
23/02/2021 15:31:32,BILI,SELL,0.5,124.22,62.11,USD,1.2163432206
23/02/2021 15:33:14,NVAX,SELL,0.2,228.55,45.71,USD,1.2161331795
23/02/2021 15:33:27,MRNA,SELL,0.2,143.65,28.73,USD,1.2160731670
23/02/2021 15:34:10,PYPL,BUY,0.5,264.10,132.05,USD,1.2162682051
23/02/2021 15:34:28,ROKU,SELL,0.2,410.35,82.07,USD,1.2162932114
23/02/2021 15:34:51,XPEV,SELL,1,35.31,35.31,USD,1.2163432206
23/02/2021 15:35:51,AAPL,BUY,0.5,122.72,61.36,USD,1.2168483211
23/02/2021 15:40:49,JD,BUY,0.61339897,96.43,59.15,USD,1.2162932114
23/02/2021 17:43:59,PLUG,SELL,3,44.75,134.25,USD,1.2145628641
23/02/2021 17:46:06,TSLA,SELL,0.2,671.65,134.33,USD,1.2147829090
23/02/2021 18:02:56,KO,BUY,5,50.87,254.35,USD,1.2148929308
23/02/2021 18:06:00,REGI,SELL,0.5,90.40,45.20,USD,1.2149479411
23/02/2021 18:08:52,BIDU,SELL,0.1,307.50,30.75,USD,1.2148579231
23/02/2021 18:11:24,GOOGL,BUY,0.05,2027.60,101.38,USD,1.2149929504
24/02/2021 23:23:35,,CASH TOP-UP,,,100.00,USD,1.2170133551
25/02/2021 14:30:20,KO,SELL,1,50.39,50.39,USD,1.222761605
25/02/2021 14:30:27,AAPL,SELL,1,124.30,124.30,USD,1.2226696788
25/02/2021 14:30:45,GOOGL,SELL,0.05,2065.60,103.28,USD,1.2222944115
25/02/2021 14:39:19,BB,BUY,5,11.73,58.65,USD,1.2229694240
25/02/2021 14:39:33,GME,BUY,2,149.03,298.06,USD,1.2231695852
25/02/2021 14:41:00,GME,SELL,2,133.00,266.00,USD,1.2234346563
25/02/2021 14:44:09,BB,SELL,5,11.26,56.30,USD,1.2238747310
25/02/2021 15:02:49,GME,BUY,2,114.76,229.52,USD,1.2239547434
25/02/2021 16:43:48,BKNG,BUY,0.049,2304.69,112.93,USD,1.2225157521
25/02/2021 17:34:13,REGI,SELL,0.5,87.24,43.62,USD,1.2232145943
25/02/2021 17:34:54,NIO,SELL,1,48.20,48.20,USD,1.2231945912
25/02/2021 17:35:50,TSLA,SELL,0.1,693.00,69.30,USD,1.223184589
25/02/2021 17:37:17,AMZN,BUY,0.05,3104.80,155.24,USD,1.2230945706
25/02/2021 17:39:05,SQ,SELL,0.23857442,231.29,55.18,USD,1.2228445166
25/02/2021 17:39:52,SPWR,SELL,1,35.47,35.47,USD,1.2228145146
25/02/2021 17:40:19,TIGR,SELL,1,25.71,25.71,USD,1.2226442707
25/02/2021 17:48:36,PYPL,BUY,0.4,254.80,101.92,USD,1.2230945706
26/02/2021 20:31:08,TIGR,SELL,2,23.78,47.57,USD,1.2077415008
26/02/2021 20:32:07,PLUG,SELL,1,48.23,48.23,USD,1.2078615253
26/02/2021 20:32:34,GME,BUY,1,109.87,109.87,USD,1.2078215439
01/03/2021 05:30:45,,CUSTODY_FEE,,,-0.07,USD,1.2084045123
02/03/2021 00:40:35,,CASH TOP-UP,,,200.00,USD,1.2049534426
02/03/2021 05:24:40,V,DIVIDEND,,,0.43,USD,1.2021253772
02/03/2021 14:32:04,RKT,BUY,7,27.89,195.23,USD,1.2047759071
02/03/2021 14:42:48,RKT,SELL,7,28.60,200.21,USD,1.2040767181
02/03/2021 18:14:14,RKT,BUY,5,34.46,172.28,USD,1.2088567224
03/03/2021 14:34:14,RKT,SELL,5,36.86,184.30,USD,1.2059516764
03/03/2021 14:52:21,FVRR,SELL,0.1,260.00,26.00,USD,1.2059911504
03/03/2021 14:52:39,MSFT,BUY,1,231.46,231.46,USD,1.2060711674
03/03/2021 17:18:58,TIGR,SELL,3,21.93,65.79,USD,1.2069725409
03/03/2021 17:19:54,BKNG,BUY,0.03,2307.33,69.22,USD,1.2070913707
03/03/2021 18:02:03,PLUG,SELL,2,46.58,93.16,USD,1.2073164151
03/03/2021 18:03:10,GOOGL,BUY,0.05,2029.00,101.45,USD,1.2072914114
03/03/2021 18:03:52,TSLA,SELL,0.1,677.50,67.75,USD,1.2072414107
03/03/2021 18:04:24,NIO,SELL,1,42.80,42.80,USD,1.2072414005
03/03/2021 18:04:46,SPWR,SELL,2,33.59,67.18,USD,1.2073264172
03/03/2021 18:05:12,REGI,SELL,0.5,78.14,39.07,USD,1.2073164151
03/03/2021 18:05:33,ENPH,SELL,0.5,165.12,82.56,USD,1.2073921562
03/03/2021 18:06:19,AMZN,BUY,0.05,3034.80,151.74,USD,1.2074414472
03/03/2021 18:06:55,FB,BUY,0.5,256.38,128.19,USD,1.2074614443
04/03/2021 15:28:28,GME,SELL,1,119.58,119.58,USD,1.2030755671
04/03/2021 15:30:14,NVDA,SELL,0.1,503.30,50.33,USD,1.2031005726
04/03/2021 15:42:51,DIS,BUY,1,189.23,189.23,USD,1.2034456418
05/03/2021 15:06:20,SHOP,SELL,0.06,1108.33,66.50,USD,1.1919843644
05/03/2021 15:06:49,PYPL,BUY,0.3,233.37,70.01,USD,1.1921335400
05/03/2021 15:28:43,PYPL,SELL,0.7,228.99,160.29,USD,1.1923438700
05/03/2021 15:29:40,MRO,BUY,4,12.78,51.12,USD,1.1926384867
05/03/2021 15:30:02,XOM,BUY,1,59.87,59.87,USD,1.1922834091
05/03/2021 15:30:23,CVX,BUY,0.5,107.56,53.78,USD,1.1921433812
05/03/2021 15:33:10,SQ,SELL,0.2,200.00,40.00,USD,1.1922684070
05/03/2021 15:34:17,JD,SELL,1,87.75,87.75,USD,1.1921808890
05/03/2021 15:34:59,FVRR,SELL,0.1,203.20,20.32,USD,1.1923484231
05/03/2021 15:37:09,FVRR,SELL,0.3,205.57,61.67,USD,1.1926384867
05/03/2021 15:37:26,NIO,SELL,2,34.12,68.25,USD,1.1923884310
05/03/2021 15:37:43,TIGR,SELL,2,18.23,36.46,USD,1.1922834091
05/03/2021 15:38:04,ENPH,SELL,0.5,135.08,67.54,USD,1.1922484025
05/03/2021 15:38:18,XPEV,SELL,2,26.35,52.70,USD,1.1922183963
05/03/2021 15:38:35,SPWR,SELL,2,28.68,57.36,USD,1.192498452
05/03/2021 15:39:05,REGI,SELL,1,69.23,69.23,USD,1.1922962550
05/03/2021 15:39:21,BILI,SELL,0.5,114.58,57.29,USD,1.1922934112
05/03/2021 15:39:39,ROKU,SELL,0.1,335.30,33.53,USD,1.1922358534
05/03/2021 15:40:16,PLUG,SELL,1,34.89,34.89,USD,1.1922067207
05/03/2021 15:40:28,SQ,SELL,0.4,200.78,80.31,USD,1.1923484231
05/03/2021 15:40:47,TEAM,SELL,0.5,223.68,111.84,USD,1.1921933911
05/03/2021 15:41:05,TME,SELL,0.5,24.00,12.00,USD,1.1920483632
05/03/2021 15:41:44,TSLA,SELL,0.2,572.40,114.48,USD,1.1919883512
05/03/2021 15:42:18,BKNG,BUY,0.02,2228.00,44.56,USD,1.1916052001
05/03/2021 17:45:39,PYPL,SELL,1,237.00,237.00,USD,1.1913632251
05/03/2021 17:49:58,PYPL,BUY,1,236.63,236.63,USD,1.1914682460
08/03/2021 18:57:27,GME,SELL,2,173.29,346.58,USD,1.1857371098
11/03/2021 14:48:38,AAPL,BUY,1,122.03,122.03,USD,1.1950
11/03/2021 14:50:28,MSFT,BUY,1,235.54,235.54,USD,1.1950
11/03/2021 14:51:08,V,BUY,0.2,224.85,44.97,USD,1.1950
11/03/2021 14:51:29,MA,BUY,0.1,384.90,38.49,USD,1.1950
11/03/2021 14:52:29,MA,BUY,0.1,385.20,38.52,USD,1.1950
11/03/2021 14:53:07,V,BUY,0.2,225.35,45.07,USD,1.1950
11/03/2021 14:58:09,GS,BUY,1,342.70,342.70,USD,1.1950
11/03/2021 14:58:49,JPM,BUY,2,155.36,310.72,USD,1.1950
11/03/2021 17:21:58,PYPL,BUY,0.5,254.06,127.03,USD,1.1950
12/03/2021 05:23:26,MSFT,DIVIDEND,,,0.71,USD,1.1955
16/03/2021 14:50:20,XOM,SELL,1,59.03,59.03,USD,1.1909
16/03/2021 14:50:34,CVX,SELL,0.5,107.62,53.81,USD,1.1909
16/03/2021 14:50:52,MRO,SELL,4,11.43,45.72,USD,1.1909
24/03/2021 04:22:36,BLK,DIVIDEND,,,1.76,USD,1.1775
26/03/2021 19:55:36,GS,BUY,0.2,326.80,65.36,USD,1.1795
26/03/2021 19:56:29,BABA,BUY,0.2,226.85,45.37,USD,1.1795
01/04/2021 04:21:51,NVDA,DIVIDEND,,,0.05,USD,1.1761
01/04/2021 08:16:57,,CUSTODY_FEE,,,-0.81,USD,1.1761
05/04/2021 04:47:29,KO,DIVIDEND,,,1.43,USD,1.1855
15/04/2021 17:15:30,,CASH TOP-UP,,,100.00,USD,1.1979
15/04/2021 17:15:54,COIN,BUY,0.3,334.77,100.43,USD,1.1979
19/04/2021 09:36:06,,CASH TOP-UP,,,100.00,USD,1.2030
19/04/2021 15:23:57,COIN,BUY,0.3,331.70,99.51,USD,1.2030
19/04/2021 15:27:05,JD,BUY,0.5,76.80,38.40,USD,1.2030
20/04/2021 10:08:05,,CASH TOP-UP,,,100.00,USD,1.2029
26/04/2021 18:26:23,COIN,BUY,0.1,300.50,30.05,USD,1.2071
29/04/2021 16:37:11,COIN,BUY,0.1,293.80,29.38,USD,1.2028
01/05/2021 02:23:41,,CUSTODY_FEE,,,-0.90,USD,1.2022
03/05/2021 04:34:29,JPM,DIVIDEND,,,1.53,USD,1.2019
03/05/2021 18:03:17,,CASH TOP-UP,,,100.00,USD,1.2019
03/05/2021 18:03:35,COIN,BUY,0.2,296.90,59.38,USD,1.2019
03/05/2021 18:05:11,AMD,BUY,1,78.84,78.84,USD,1.2019
04/05/2021 14:49:15,,CASH TOP-UP,,,100.00,USD,1.1996
04/05/2021 14:49:47,COIN,BUY,0.2,281.80,56.36,USD,1.1996
04/05/2021 16:08:58,COIN,BUY,0.2,277.65,55.53,USD,1.1996
06/05/2021 16:30:56,,CASH TOP-UP,,,100.00,USD,1.2148
06/05/2021 16:31:14,COIN,BUY,0.2,257.90,51.58,USD,1.2148
10/05/2021 04:22:57,MA,DIVIDEND,,,0.48,USD,1.2165
10/05/2021 14:36:04,,CASH TOP-UP,,,300.00,USD,1.2165
10/05/2021 14:37:33,NFLX,BUY,0.18321764,495.64,90.81,USD,1.2165
10/05/2021 14:38:13,PYPL,BUY,0.4,245.35,98.14,USD,1.2165
10/05/2021 14:38:40,BABA,BUY,0.2,220.30,44.06,USD,1.2165
10/05/2021 14:40:25,AMZN,BUY,0.03,3233.33,97.00,USD,1.2165
14/05/2021 04:24:30,AAPL,DIVIDEND,,,1.50,USD,1.2146
17/05/2021 14:02:06,,CASH TOP-UP,,,100.00,USD,1.2217
17/05/2021 14:02:25,COIN,BUY,0.2,239.75,47.95,USD,1.2217
19/05/2021 13:36:56,COIN,BUY,0.2,215.30,43.06,USD,1.2219
01/06/2021 04:07:41,,CUSTODY_FEE,,,-0.96,USD,1.2213
01/06/2021 13:51:34,,CASH TOP-UP,,,100.00,USD,1.2213
01/06/2021 13:51:54,AMC,BUY,3,31.11,93.33,USD,1.2213
02/06/2021 04:27:23,V,DIVIDEND,,,0.59,USD,1.2120
02/06/2021 16:21:22,AMC,SELL,1,52.06,52.06,USD,1.2120
02/06/2021 17:17:10,AMC,SELL,1,68.05,68.05,USD,1.2120
02/06/2021 17:17:32,AMC,SELL,1,68.32,68.32,USD,1.2120
09/06/2021 13:38:12,TSM,BUY,0.5,116.82,58.41,USD,1.2176
09/06/2021 14:04:29,COIN,BUY,0.2,219.60,43.92,USD,1.2176
11/06/2021 04:26:09,MSFT,DIVIDEND,,,1.90,USD,1.2107
24/06/2021 04:23:40,BLK,DIVIDEND,,,1.76,USD,1.1937
24/06/2021 14:05:29,JPM,BUY,0.5,151.56,75.78,USD,1.1937
24/06/2021 14:06:35,,CASH TOP-UP,,,100.00,USD,1.1937
24/06/2021 14:06:41,GS,BUY,0.2,363.50,72.70,USD,1.1937
24/06/2021 14:07:07,,CASH TOP-UP,,,50.00,USD,1.1937
24/06/2021 14:07:12,BLK,BUY,0.1,865.60,86.56,USD,1.1937
30/06/2021 04:55:11,GS,DIVIDEND,,,1.27,USD,1.1849
01/07/2021 03:11:50,,CUSTODY_FEE,,,-1.05,USD,1.1843
02/07/2021 04:39:51,NVDA,DIVIDEND,,,0.05,USD,1.1866
02/07/2021 04:40:51,KO,DIVIDEND,,,1.43,USD,1.1866
14/07/2021 11:48:34,,CASH TOP-UP,,,200.00,USD,1.1802
16/07/2021 04:25:08,TSM,DIVIDEND,,,0.17,USD,1.1809
19/07/2021 16:00:38,TSM,BUY,0.5,114.48,57.24,USD,1.1777
19/07/2021 16:01:48,,CASH TOP-UP,,,100.00,USD,1.1777
19/07/2021 16:02:35,KO,BUY,2,55.28,110.56,USD,1.1777
19/07/2021 16:03:12,BKNG,BUY,0.05,2114.80,105.74,USD,1.1777
19/07/2021 16:03:22,,CASH TOP-UP,,,200.00,USD,1.1777
19/07/2021 16:03:56,AMD,BUY,1,86.48,86.48,USD,1.1777
19/07/2021 16:05:36,NVDA,BUY,0.1,749.00,74.90,USD,1.1777
19/07/2021 16:07:38,JPM,BUY,0.5,146.72,73.36,USD,1.1777
19/07/2021 16:08:58,JD,BUY,0.5,73.70,36.85,USD,1.1777
20/07/2021 10:35:47,NVDA,STOCK SPLIT,1.5,,,USD,1.1795
20/07/2021 13:43:05,,CASH TOP-UP,,,100.00,USD,1.1795
20/07/2021 13:43:32,COIN,BUY,0.3,215.53,64.66,USD,1.1795
20/07/2021 15:25:03,,CASH TOP-UP,,,100.00,USD,1.1795
20/07/2021 15:25:25,AMD,BUY,1,86.70,86.70,USD,1.1795
20/07/2021 15:28:21,,CASH TOP-UP,,,100.00,USD,1.1795
20/07/2021 15:28:31,TSM,BUY,1,116.32,116.32,USD,1.1795
20/07/2021 15:29:45,,CASH TOP-UP,,,100.00,USD,1.1795
20/07/2021 15:30:01,AMZN,BUY,0.02,3561.00,71.22,USD,1.1795
20/07/2021 15:31:05,,CASH TOP-UP,,,300.00,USD,1.1795
20/07/2021 15:31:20,FB,BUY,0.5,340.42,170.21,USD,1.1795
20/07/2021 15:32:08,PYPL,BUY,0.1,296.70,29.67,USD,1.1795
20/07/2021 15:33:15,BABA,BUY,0.6,209.52,125.71,USD,1.1795
20/07/2021 15:34:27,,CASH TOP-UP,,,100.00,USD,1.1795
20/07/2021 15:34:41,DIS,BUY,0.5,175.40,87.70,USD,1.1795
27/07/2021 13:52:19,,CASH TOP-UP,,,100.00,USD,1.1815
27/07/2021 13:54:57,EDU,BUY,50,2.12,106.25,USD,1.1815
27/07/2021 14:00:32,EDU,SELL,50,2.07,103.50,USD,1.1815
27/07/2021 14:05:29,BABA,BUY,0.2,183.85,36.77,USD,1.1815
27/07/2021 14:05:54,JD,BUY,1,63.30,63.30,USD,1.1815
27/07/2021 14:08:20,TSM,BUY,0.3,113.47,34.04,USD,1.1815
27/07/2021 14:14:47,JD,SELL,3,62.86,188.58,USD,1.1815
27/07/2021 14:15:17,BABA,SELL,1.7,183.34,311.68,USD,1.1815
28/07/2021 15:05:28,AMZN,BUY,0.05,3648.40,182.42,USD,1.1882
28/07/2021 15:07:07,BLK,BUY,0.1,858.20,85.82,USD,1.1882
29/07/2021 13:51:06,DIDI,BUY,5,10.00,50.00,USD,1.1861
30/07/2021 13:41:05,AMZN,BUY,0.05,3325.00,166.25,USD,1.1875
30/07/2021 13:42:33,,CASH TOP-UP,,,100.00,USD,1.1875
30/07/2021 13:44:51,PYPL,BUY,0.25,278.16,69.54,USD,1.1875
01/08/2021 06:49:12,,CUSTODY_FEE,,,-1.21,USD,1.1869
03/08/2021 04:26:23,JPM,DIVIDEND,,,1.91,USD,1.1837
10/08/2021 04:55:20,MA,DIVIDEND,,,0.48,USD,1.1746
13/08/2021 04:31:43,AAPL,DIVIDEND,,,1.50,USD,1.1797
30/08/2021 15:02:27,,CASH TOP-UP,,,300.00,USD,1.1807
30/08/2021 15:03:35,V,BUY,0.3,231.07,69.32,USD,1.1807
30/08/2021 15:04:39,MA,BUY,0.2,354.00,70.80,USD,1.1807
30/08/2021 15:05:20,BABA,BUY,0.15,160.47,24.07,USD,1.1807
30/08/2021 15:06:00,DIDI,BUY,3,8.04,24.12,USD,1.1807
01/09/2021 04:09:07,,CUSTODY_FEE,,,-1.29,USD,1.1866
02/09/2021 04:45:52,V,DIVIDEND,,,0.59,USD,1.1889
02/09/2021 14:06:26,V,BUY,0.2,226.15,45.23,USD,1.1889
02/09/2021 14:06:50,MA,BUY,0.1,344.60,34.46,USD,1.1889
10/09/2021 04:32:44,MSFT,DIVIDEND,,,1.90,USD,1.1811
22/09/2021 14:04:07,DIS,BUY,0.3,173.77,52.13,USD,1.1743
22/09/2021 14:04:51,DIDI,BUY,2,7.89,15.78,USD,1.1743
22/09/2021 14:06:35,,CASH TOP-UP,,,100.00,USD,1.1743
22/09/2021 14:07:24,BLK,BUY,0.1,857.30,85.73,USD,1.1743
22/09/2021 14:08:09,FB,BUY,0.1,344.70,34.47,USD,1.1743
23/09/2021 05:28:12,BLK,DIVIDEND,,,2.46,USD,1.1716
24/09/2021 05:13:45,NVDA,DIVIDEND,,,0.07,USD,1.1722
28/09/2021 15:54:00,,CASH TOP-UP,,,200.00,USD,1.1602
28/09/2021 15:54:37,GOOGL,BUY,0.025,2715.60,67.89,USD,1.1602
30/09/2021 05:12:18,GS,DIVIDEND,,,2.38,USD,1.1597
02/10/2021 07:16:01,,CUSTODY_FEE,,,-1.25,USD,1.1594
04/10/2021 04:28:14,KO,DIVIDEND,,,2.14,USD,1.1605
05/10/2021 13:58:58,,CASH TOP-UP,,,100.00,USD,1.1543
05/10/2021 13:59:24,AAPL,BUY,1,139.81,139.81,USD,1.1543
05/10/2021 14:00:22,FB,BUY,0.1,330.60,33.06,USD,1.1543
05/10/2021 14:01:23,,CASH TOP-UP,,,100.00,USD,1.1543
05/10/2021 14:02:12,AMZN,BUY,0.03,3237.00,97.11,USD,1.1543
05/10/2021 14:02:48,GOOGL,BUY,0.025,2702.00,67.55,USD,1.1543
14/10/2021 15:10:57,,CASH TOP-UP,,,200.00,USD,1.1596
14/10/2021 15:11:38,TSM,BUY,0.2,111.75,22.35,USD,1.1596
15/10/2021 08:54:42,TSM,DIVIDEND,,,0.89,USD,1.1600
26/10/2021 15:18:10,FB,BUY,0.1,321.40,32.14,USD,1.1608
28/10/2021 16:48:00,PYPL,BUY,0.15,233.13,34.97,USD,1.1540
28/10/2021 16:48:29,V,BUY,0.1,212.40,21.24,USD,1.1540
28/10/2021 16:49:13,MA,BUY,0.1,331.10,33.11,USD,1.1540
29/10/2021 14:48:40,DIS,BUY,0.1,169.50,16.95,USD,1.1560
03/11/2021 08:22:44,,CUSTODY_FEE,,,-1.39,USD,1.1548
08/11/2021 05:27:52,JPM,DIVIDEND,,,2.55,USD,1.1591
10/11/2021 08:03:53,MA,DIVIDEND,,,0.59,USD,1.1451
15/11/2021 18:27:02,DIS,BUY,0.1,158.40,15.84,USD,1.1326
15/11/2021 18:27:22,,CASH TOP-UP,,,200.00,USD,1.1326
15/11/2021 18:34:05,PYPL,BUY,0.1,212.80,21.28,USD,1.1326
17/11/2021 06:08:30,AAPL,DIVIDEND,,,1.68,USD,1.1369
26/11/2021 15:30:21,BABA,BUY,0.15,132.60,19.89,USD,1.1319
26/11/2021 15:31:48,DIS,BUY,0.2,147.75,29.55,USD,1.1319
26/11/2021 15:32:34,KO,BUY,0.5,54.00,27.00,USD,1.1319
26/11/2021 15:33:12,PYPL,BUY,0.1,188.80,18.88,USD,1.1319
26/11/2021 15:33:51,MA,BUY,0.05,323.20,16.16,USD,1.1319
26/11/2021 15:34:13,V,BUY,0.1,197.50,19.75,USD,1.1319
02/12/2021 12:23:04,,CUSTODY_FEE,,,-1.39,USD,1.1310
02/12/2021 14:58:02,FB,BUY,0.1,313.00,31.30,USD,1.1310
02/12/2021 14:58:47,BABA,BUY,0.1,124.50,12.45,USD,1.1310
02/12/2021 14:59:22,,CASH TOP-UP,,,200.00,USD,1.1310
02/12/2021 14:59:41,KO,BUY,0.5,52.98,26.49,USD,1.1310
02/12/2021 15:01:25,BKNG,BUY,0.02,2146.00,42.92,USD,1.1310
09/12/2021 08:03:23,V,DIVIDEND,,,0.89,USD,1.1318
10/12/2021 09:47:54,MSFT,DIVIDEND,,,2.11,USD,1.1316
16/12/2021 23:11:40,,CASH TOP-UP,,,200.00,USD,1.1268
17/12/2021 08:02:42,KO,DIVIDEND,,,2.32,USD,1.1237
20/12/2021 17:46:40,MSFT,BUY,0.2,318.70,63.74,USD,1.1269
20/12/2021 17:47:03,GOOGL,BUY,0.025,2805.20,70.13,USD,1.1269
20/12/2021 17:47:19,AAPL,BUY,0.4,169.10,67.64,USD,1.1269
27/12/2021 05:27:58,BLK,DIVIDEND,,,2.80,USD,1.1311
27/12/2021 05:31:38,NVDA,DIVIDEND,,,0.07,USD,1.1311
30/12/2021 15:14:12,AMZN,BUY,0.01,3415.00,34.15,USD,1.1385
30/12/2021 15:14:55,PYPL,BUY,0.2,191.95,38.39,USD,1.1385
30/12/2021 15:17:53,DIS,BUY,0.3,156.40,46.92,USD,1.1385
31/12/2021 06:38:31,GS,DIVIDEND,,,2.38,USD,1.1379
